{
    "problem_data"             : {
        "problem_name"    : "NREL_Blade_50",
        "model_part_name" : "Structure",
        "domain_size"     : 3,
        "parallel_type"   : "OpenMP",
        "time_step"       : 1.1,
        "start_time"      : 0.0,
        "end_time"        : 1.0,
        "echo_level"      : 0
    },
    "solver_settings"          : {
        "solver_type"                        : "structural_mechanics_static_solver",
        "echo_level"                         : 0,
        "solution_type"                      : "Static",
        "analysis_type"                      : "Linear",
        "model_import_settings"              : {
            "input_type"       : "mdpa",
            "input_filename"   : "NREL_Blade_50",
            "input_file_label" : 0
        },
        "material_import_settings"           : {
            "materials_filename" : "StructuralMaterials.json"
        },
        "line_search"                        : false,
        "convergence_criterion"              : "Residual_criterion",
        "displacement_relative_tolerance"    : 0.0001,
        "displacement_absolute_tolerance"    : 1e-9,
        "residual_relative_tolerance"        : 0.0001,
        "residual_absolute_tolerance"        : 1e-9,
        "max_iteration"                      : 10,
        "linear_solver_settings"             : {
            "solver_type" : "SuperLUSolver",
            "scaling"     : false
        },
        "problem_domain_sub_model_part_list" : ["Parts_Parts_Auto2","Parts_Parts_Auto3"],
        "processes_sub_model_part_list"      : ["DISPLACEMENT_Displacement_Auto1","SurfaceLoad3D_Load_on_surfaces_Auto1"],
        "rotation_dofs"                      : true
    },
    "constraints_process_list" : [{
        "python_module" : "assign_vector_variable_process",
        "kratos_module" : "KratosMultiphysics",
        "help"          : "This process fixes the selected components of a given vector variable",
        "process_name"  : "AssignVectorVariableProcess",
        "Parameters"    : {
            "mesh_id"         : 0,
            "model_part_name" : "DISPLACEMENT_Displacement_Auto1",
            "variable_name"   : "DISPLACEMENT",
            "value"           : [0.0,0.0,0.0],
            "interval"        : [0.0,"End"]
        }
    }],
    "loads_process_list"       : [{
        "python_module" : "assign_vector_by_direction_to_condition_process",
        "kratos_module" : "KratosMultiphysics",
        "help"          : "This process sets a vector variable value over a condition",
        "check"         : "DirectorVectorNonZero direction",
        "process_name"  : "AssignModulusAndDirectionToConditionsProcess",
        "Parameters"    : {
            "mesh_id"         : 0,
            "model_part_name" : "SurfaceLoad3D_Load_on_surfaces_Auto1",
            "variable_name"   : "SURFACE_LOAD",
            "modulus"         : 1.0,
            "direction"       : [0.0,1,0.0],
            "interval"        : [0.0,"End"]
        }
    }],
    "output_configuration"     : {
        "result_file_configuration" : {
            "gidpost_flags"       : {
                "GiDPostMode"           : "GiD_PostBinary",
                "WriteDeformedMeshFlag" : "WriteDeformed",
                "WriteConditionsFlag"   : "WriteConditions",
                "MultiFileFlag"         : "SingleFile"
            },
            "file_label"          : "step",
            "output_control_type" : "step",
            "output_frequency"    : 1,
            "body_output"         : true,
            "node_output"         : false,
            "skin_output"         : false,
            "plane_output"        : [],
            "nodal_results"       : ["DISPLACEMENT","REACTION","ROTATION"],
            "gauss_point_results" : []
        },
        "point_data_configuration"  : []
    },
    "restart_options"          : {
        "SaveRestart"      : false,
        "RestartFrequency" : 0,
        "LoadRestart"      : false,
        "Restart_Step"     : 0
    },
    "constraints_data"         : {
        "incremental_load"         : false,
        "incremental_displacement" : false
    },
    "material_import_settings" : {
        "materials_filename" : "StructuralMaterials.json"
    }
}
