{
    "properties" : [{
        "model_part_name" : "Parts_surface",
        "properties_id"   : 1,
        "Material"        : {
            "constitutive_law" : {
                "name" : "KratosMultiphysics.StructuralMechanicsApplication.LinearElasticPlaneStress2DLaw"
            },
            "Variables"        : {
                "THICKNESS"     : 0.01,
                "DENSITY"       : 7850.0,
                "YOUNG_MODULUS" : 206900000000.0,
                "POISSON_RATIO" : 0.29
            },
            "Tables"           : {}
        }
    }]
}
