{
    "problem_data"             : {
        "problem_name"    : "nasa_ex3_long",
        "model_part_name" : "Structure",
        "domain_size"     : 3,
        "time_step"       : 1.1,
        "start_time"      : 0.0,
        "end_time"        : 1.0,
        "echo_level"      : 0
    },
    "solver_settings"          : {
        "solver_type"                        : "solid_mechanics_static_solver",
        "echo_level"                         : 0,
        "solution_type"                      : "Static",
        "analysis_type"                      : "Linear",
        "model_import_settings"              : {
            "input_type"     : "mdpa",
            "input_filename" : "nasa_ex3_long"
        },
        "line_search"                        : false,
        "convergence_criterion"              : "Residual_criterion",
        "displacement_relative_tolerance"    : 0.0001,
        "displacement_absolute_tolerance"    : 1e-9,
        "residual_relative_tolerance"        : 0.0001,
        "residual_absolute_tolerance"        : 1e-9,
        "max_iteration"                      : 10,
        "linear_solver_settings"             : {
            "solver_type" : "Super_LU",
            "scaling"     : false,
            "verbosity"   : 0
        },
        "problem_domain_sub_model_part_list" : ["Parts_surface"],
        "processes_sub_model_part_list"      : ["DISPLACEMENT_clamp","ROTATION_clamp","ROTATION_surface","PointLoad3D_load","PointLoad3D_center_load","SurfaceLoad3D_surface_load"],
        "rotation_dofs"                      : true
    },
    "constraints_process_list" : [{
        "python_module"   : "impose_vector_value_by_components_process",
        "kratos_module" : "KratosMultiphysics",
        "help"                  : "This process fixes the selected components of a given vector variable",
        "process_name"          : "ImposeVectorValueByComponentsProcess",
        "Parameters"            : {
            "mesh_id"         : 0,
            "model_part_name" : "DISPLACEMENT_clamp",
            "variable_name"   : "DISPLACEMENT",
            "is_fixed_x"      : true,
            "is_fixed_y"      : true,
            "is_fixed_z"      : true,
            "value"           : [0.0,0.0,0.0]
        }
    },{
        "python_module"   : "impose_vector_value_by_components_process",
        "kratos_module" : "KratosMultiphysics",
        "help"                  : "This process fixes the selected components of a given vector variable",
        "process_name"          : "ImposeVectorValueByComponentsProcess",
        "Parameters"            : {
            "mesh_id"         : 0,
            "model_part_name" : "ROTATION_clamp",
            "variable_name"   : "ROTATION",
            "is_fixed_x"      : true,
            "is_fixed_y"      : true,
            "is_fixed_z"      : false,
            "value"           : [0.0,0.0,0.0]
        }
    },{
        "python_module"   : "impose_vector_value_by_components_process",
        "kratos_module" : "KratosMultiphysics",
        "help"                  : "This process fixes the selected components of a given vector variable",
        "process_name"          : "ImposeVectorValueByComponentsProcess",
        "Parameters"            : {
            "mesh_id"         : 0,
            "model_part_name" : "ROTATION_surface",
            "variable_name"   : "ROTATION",
            "is_fixed_x"      : false,
            "is_fixed_y"      : false,
            "is_fixed_z"      : true,
            "value"           : [0.0,0.0,0.0]
        }
    }],
    "loads_process_list"       : [{
        "python_module"   : "process_factory",
        "kratos_module" : "KratosMultiphysics",
        "check"                 : "DirectorVectorNonZero direction",
        "help"                  : "This process ",
        "process_name"          : "ApplyConstantVectorValueProcess",
        "Parameters"            : {
            "mesh_id"         : 0,
            "model_part_name" : "PointLoad3D_load",
            "variable_name"   : "POINT_LOAD",
            "modulus"          : 0,
            "direction"       : [1.0,0.0,0.0]
        }
    },{
        "python_module"   : "process_factory",
        "kratos_module" : "KratosMultiphysics",
        "check"                 : "DirectorVectorNonZero direction",
        "help"                  : "This process ",
        "process_name"          : "ApplyConstantVectorValueProcess",
        "Parameters"            : {
            "mesh_id"         : 0,
            "model_part_name" : "PointLoad3D_center_load",
            "variable_name"   : "POINT_LOAD",
            "modulus"          : 0,
            "direction"       : [1.0,0.0,0.0]
        }
    },{
        "python_module"   : "apply_vector_on_conditions_process",
        "kratos_module" : "KratosMultiphysics.SolidMechanicsApplication",
        "help"                  : "This process sets a vector variable value over a condition",
        "check"                 : "DirectorVectorNonZero direction",
        "process_name"          : "ApplyVectorOnConditionsProcess",
        "Parameters"            : {
            "mesh_id"         : 0,
            "model_part_name" : "SurfaceLoad3D_surface_load",
            "variable_name"   : "SURFACE_LOAD",
            "modulus"          : 2000,
            "direction"       : [1.0,0.0,0.0]
        }
    }],
    "output_configuration"     : {
        "result_file_configuration" : {
            "gidpost_flags"       : {
                "GiDPostMode"           : "GiD_PostBinary",
                "WriteDeformedMeshFlag" : "WriteDeformed",
                "WriteConditionsFlag"   : "WriteConditions",
                "MultiFileFlag"         : "SingleFile"
            },
            "file_label"          : "step",
            "output_control_type" : "step",
            "output_frequency"    : 1.0,
            "body_output"         : true,
            "node_output"         : false,
            "skin_output"         : false,
            "plane_output"        : [],
            "nodal_results"       : ["DISPLACEMENT","REACTION","ROTATION","TORQUE"],
            "gauss_point_results" : ["SHELL_FORCE_GLOBAL","SHELL_STRAIN_GLOBAL","SHELL_ORTHOTROPIC_STRESS_BOTTOM_SURFACE_GLOBAL"]
        },
        "point_data_configuration"  : []
    },
    "restart_options"          : {
        "SaveRestart"      : false,
        "RestartFrequency" : 0,
        "LoadRestart"      : false,
        "Restart_Step"     : 0
    },
    "constraints_data"         : {
        "incremental_load"         : false,
        "incremental_displacement" : false
    }
}
