{
    "problem_data"             : {
        "problem_name"    : "STABILITY_Euler_beam",
        "model_part_name" : "Structure",
        "domain_size"     : 3,
        "time_step"       : 0.05,
        "start_time"      : 0.0,
        "end_time"        : 1.0,
        "echo_level"      : 0
    },
    "solver_settings"          : {
        "solver_type"                        : "solid_mechanics_static_solver",
        "echo_level"                         : 0,
        "solution_type"                      : "Static",
        "analysis_type"                      : "Non-Linear",
        "model_import_settings"              : {
            "input_type"     : "mdpa",
            "input_filename" : "STABILITY_Euler_beam"
        },
        "line_search"                        : false,
        "convergence_criterion"              : "Residual_criterion",
        "displacement_relative_tolerance"    : 0.0001,
        "displacement_absolute_tolerance"    : 1e-9,
        "residual_relative_tolerance"        : 0.0001,
        "residual_absolute_tolerance"        : 1e-9,
        "max_iteration"                      : 10,
        "linear_solver_settings"             : {
            "solver_type" : "Super_LU",
            "scaling"     : false,
            "verbosity"   : 0
        },
        "problem_domain_sub_model_part_list" : ["Parts_surface"],
        "processes_sub_model_part_list"      : ["DISPLACEMENT_bottom","PointLoad3D_top"],
        "rotation_dofs"                      : true
    },
    "constraints_process_list" : [{
        "python_module"   : "impose_vector_value_by_components_process",
        "kratos_module" : "KratosMultiphysics",
        "help"                  : "This process fixes the selected components of a given vector variable",
        "process_name"          : "ImposeVectorValueByComponentsProcess",
        "Parameters"            : {
            "mesh_id"         : 0,
            "model_part_name" : "DISPLACEMENT_bottom",
            "variable_name"   : "DISPLACEMENT",
            "is_fixed_x"      : true,
            "is_fixed_y"      : true,
            "is_fixed_z"      : true,
            "value"           : [0.0,0.0,0.0]
        }
    }],
    "loads_process_list"       : [{
        "python_module"   : "process_factory",
        "kratos_module" : "KratosMultiphysics",
        "check"                 : "DirectorVectorNonZero direction",
        "help"                  : "This process ",
        "process_name"          : "ApplyConstantVectorValueProcess",
        "Parameters"            : {
            "mesh_id"         : 0,
            "model_part_name" : "PointLoad3D_top",
            "variable_name"   : "POINT_LOAD",
            "modulus"          : 1000000,
            "direction"       : [0.0,0.0,-1.0]
        }
    }],
    "output_configuration"     : {
        "result_file_configuration" : {
            "gidpost_flags"       : {
                "GiDPostMode"           : "GiD_PostBinary",
                "WriteDeformedMeshFlag" : "WriteDeformed",
                "WriteConditionsFlag"   : "WriteConditions",
                "MultiFileFlag"         : "SingleFile"
            },
            "file_label"          : "step",
            "output_control_type" : "step",
            "output_frequency"    : 1.0,
            "body_output"         : true,
            "node_output"         : false,
            "skin_output"         : false,
            "plane_output"        : [],
            "nodal_results"       : ["DISPLACEMENT","REACTION","ROTATION"],
            "gauss_point_results" : []
        },
        "point_data_configuration"  : []
    },
    "restart_options"          : {
        "SaveRestart"      : false,
        "RestartFrequency" : 0,
        "LoadRestart"      : false,
        "Restart_Step"     : 0
    },
    "constraints_data"         : {
        "incremental_load"         : false,
        "incremental_displacement" : false
    }
}
